ID,numid,weighted_current
G1,"1",0.435580961498273
G10,"10",0.427189136664638
G100,"100",0.371565017475715
G1000,"1000",0.328900732231356
G1001,"1001",0.344217650388637
G1002,"1002",0.350289055674958
G1003,"1003",0.326375065686414
G1004,"1004",0.319476484661471
G1005,"1005",0.317886472629411
G1006,"1006",0.323958343182155
G1007,"1007",0.336470793132558
G1008,"1008",0.359450052952306
G1009,"1009",0.385080328931158
G101,"101",0.352528742912915
G1010,"1010",0.408043810731006
G1011,"1011",0.424106628866789
G1012,"1012",0.434402675657193
G1013,"1013",0.391851116797441
G1014,"1014",0.375723460330492
G1015,"1015",0.303839424021407
G1016,"1016",0.305192294564914
G1017,"1017",0.320478811464439
G1018,"1018",0.350962706372862
G1019,"1019",0.389303277182008
G102,"102",0.387969955440253
G1020,"1020",0.425403876480037
G1021,"1021",0.46091955881921
G1022,"1022",0.440249712513953
G1023,"1023",0.413157578499607
G1024,"1024",0.630276475317734
G1025,"1025",0.518768997642207
G1026,"1026",0.415017901728742
G1027,"1027",0.355129588063931
G1028,"1028",0.324512143690348
G1029,"1029",0.353150693243754
G103,"103",0.396985822205999
G1030,"1030",0.337447697239041
G1031,"1031",0.320025561693075
G1032,"1032",0.300931630420315
G1033,"1033",0.276815823867463
G1034,"1034",0.261062822431366
G1035,"1035",0.278488692249787
G1036,"1036",0.300054220208215
G1037,"1037",0.32048520147796
G1038,"1038",0.334466447523197
G1039,"1039",0.335715077706553
G104,"104",0.737352228589073
G1040,"1040",0.32493044349444
G1041,"1041",0.319169362136776
G1042,"1042",0.310715399452303
G1043,"1043",0.315817651273689
G1044,"1044",0.3252078399325
G1045,"1045",0.342552106956841
G1046,"1046",0.364894351890368
G1047,"1047",0.385764071781763
G1048,"1048",0.402817462006786
G1049,"1049",0.415500287034197
G105,"105",0.730301757387781
G1050,"1050",0.386083732650214
G1051,"1051",0.378167876598655
G1052,"1052",0.354477545759898
G1053,"1053",0.309876345399771
G1054,"1054",0.305494783163965
G1055,"1055",0.317695407240146
G1056,"1056",0.339530472454329
G1057,"1057",0.369290738948855
G1058,"1058",0.401892505263357
G1059,"1059",0.430568479829321
G106,"106",0.675947273556402
G1060,"1060",0.448614487055954
G1061,"1061",0.628771867680274
G1062,"1062",0.555639017517071
G1063,"1063",0.438774785581236
G1064,"1064",0.383878600722602
G1065,"1065",0.330419772545146
G1066,"1066",0.30562043511764
G1067,"1067",0.33005274783016
G1068,"1068",0.314326341678475
G1069,"1069",0.293120456372767
G107,"107",0.599273457741983
G1070,"1070",0.27086283254066
G1071,"1071",0.251047890122208
G1072,"1072",0.252895051266384
G1073,"1073",0.271580055674748
G1074,"1074",0.291812894410115
G1075,"1075",0.314566235171089
G1076,"1076",0.325627782937659
G1077,"1077",0.323283246290291
G1078,"1078",0.316725860235532
G1079,"1079",0.305871723161211
G108,"108",0.516294104345969
G1080,"1080",0.306984115778874
G1081,"1081",0.314610161097297
G1082,"1082",0.328491119716353
G1083,"1083",0.346702393497157
G1084,"1084",0.365076636615459
G1085,"1085",0.380978060649605
G1086,"1086",0.393805368657396
G1087,"1087",0.377384239580112
G1088,"1088",0.359773008878742
G1089,"1089",0.320707283312256
G109,"109",0.454005221368491
G1090,"1090",0.311197158303152
G1091,"1091",0.338989719960216
G1092,"1092",0.357529032346864
G1093,"1093",0.384044620205259
G1094,"1094",0.41067319587664
G1095,"1095",0.578256757501386
G1096,"1096",0.472464100539613
G1097,"1097",0.385734591925461
G1098,"1098",0.317868025035408
G1099,"1099",0.323937444389503
G11,"11",0.43214058834705
G110,"110",0.408827438774414
G1100,"1100",0.315189100426707
G1101,"1101",0.310225868352291
G1102,"1102",0.288677927745745
G1103,"1103",0.266450981226411
G1104,"1104",0.247155120187413
G1105,"1105",0.237038190363575
G1106,"1106",0.248154361156456
G1107,"1107",0.26576872342394
G1108,"1108",0.289726649663899
G1109,"1109",0.310086699171899
G111,"111",0.413465513739026
G1110,"1110",0.317214072456197
G1111,"1111",0.31218522451843
G1112,"1112",0.304782809337507
G1113,"1113",0.29767398179006
G1114,"1114",0.30632173618669
G1115,"1115",0.316321967344965
G1116,"1116",0.332505338835362
G1117,"1117",0.346151009573636
G1118,"1118",0.36118759786303
G1119,"1119",0.374194955387658
G112,"112",0.392283400196306
G1120,"1120",0.371821910952113
G1121,"1121",0.36123343298966
G1122,"1122",0.352078018610617
G1123,"1123",0.330613497862797
G1124,"1124",0.32095600182445
G1125,"1125",0.320003385549639
G1126,"1126",0.331939801216365
G1127,"1127",0.350030224276979
G1128,"1128",0.354919307904344
G1129,"1129",0.37286338819754
G113,"113",0.373540139279974
G1130,"1130",0.395368326647637
G1131,"1131",0.590072479588128
G1132,"1132",0.509121043163692
G1133,"1133",0.403680650073401
G1134,"1134",0.352599309060335
G1135,"1135",0.320591380989495
G1136,"1136",0.30417074357308
G1137,"1137",0.318741048927588
G1138,"1138",0.305779079657752
G1139,"1139",0.288777129486235
G114,"114",0.359466327862633
G1140,"1140",0.265021199767508
G1141,"1141",0.243001952329976
G1142,"1142",0.229126128082359
G1143,"1143",0.23018027531608
G1144,"1144",0.241797943814422
G1145,"1145",0.261952449306099
G1146,"1146",0.289436755734906
G1147,"1147",0.307618202540139
G1148,"1148",0.308919938122962
G1149,"1149",0.302663474243407
G115,"115",0.33994333379829
G1150,"1150",0.293768609837489
G1151,"1151",0.297708214883462
G1152,"1152",0.306401649522002
G1153,"1153",0.318475525941569
G1154,"1154",0.331315379236125
G1155,"1155",0.342697024399093
G1156,"1156",0.359887766093998
G1157,"1157",0.36346545506356
G1158,"1158",0.357991270775065
G1159,"1159",0.352574258761998
G116,"116",0.347877846470386
G1160,"1160",0.339977126237783
G1161,"1161",0.330614785983703
G1162,"1162",0.328371169714028
G1163,"1163",0.33351895325192
G1164,"1164",0.339173537421522
G1165,"1165",0.358328360164174
G1166,"1166",0.369720203028485
G1167,"1167",0.384805152645199
G1168,"1168",0.582882753357413
G1169,"1169",0.532061182446527
G117,"117",0.743491954846545
G1170,"1170",0.441432902216773
G1171,"1171",0.366631215357118
G1172,"1172",0.335054670101217
G1173,"1173",0.309027983872927
G1174,"1174",0.306637945029635
G1175,"1175",0.31678269737556
G1176,"1176",0.324318597382478
G1177,"1177",0.320159971047964
G1178,"1178",0.301223879451992
G1179,"1179",0.288198498603906
G118,"118",0.773972407229975
G1180,"1180",0.266622088842085
G1181,"1181",0.24058900218864
G1182,"1182",0.224094344279498
G1183,"1183",0.219224714740697
G1184,"1184",0.223838485529626
G1185,"1185",0.236997323061524
G1186,"1186",0.265014812804691
G1187,"1187",0.292471655437302
G1188,"1188",0.304585412912229
G1189,"1189",0.299072928888177
G119,"119",0.775093420925326
G1190,"1190",0.296297562890061
G1191,"1191",0.29118283909267
G1192,"1192",0.299435993572411
G1193,"1193",0.308170940836405
G1194,"1194",0.31834950257649
G1195,"1195",0.326350154768828
G1196,"1196",0.345501438791732
G1197,"1197",0.350257228942917
G1198,"1198",0.349938795372724
G1199,"1199",0.346126251766674
G12,"12",0.427312059728722
G120,"120",0.733375111354635
G1200,"1200",0.34014154217159
G1201,"1201",0.33738863982958
G1202,"1202",0.340413036242596
G1203,"1203",0.346147247796292
G1204,"1204",0.3645481317291
G1205,"1205",0.372815200747798
G1206,"1206",0.381963855449305
G1207,"1207",0.392545638083727
G1208,"1208",0.54415890681049
G1209,"1209",0.394484334815395
G121,"121",0.659561860443579
G1210,"1210",0.344861806944018
G1211,"1211",0.30582041196206
G1212,"1212",0.311851455874184
G1213,"1213",0.322720955103399
G1214,"1214",0.324597065253039
G1215,"1215",0.305598930798656
G1216,"1216",0.287899907773532
G1217,"1217",0.270142442682696
G1218,"1218",0.244256066219762
G1219,"1219",0.222199562774203
G122,"122",0.573487136816225
G1220,"1220",0.212806881273613
G1221,"1221",0.213399620071727
G1222,"1222",0.222718702637703
G1223,"1223",0.239236483010817
G1224,"1224",0.273723991400152
G1225,"1225",0.295853488436383
G1226,"1226",0.301011663882471
G1227,"1227",0.296963018168178
G1228,"1228",0.293088243123861
G1229,"1229",0.29464396106705
G123,"123",0.485998192474666
G1230,"1230",0.300766194369407
G1231,"1231",0.308124292518151
G1232,"1232",0.313374334790447
G1233,"1233",0.336279333081098
G1234,"1234",0.343693990733464
G1235,"1235",0.347548491335844
G1236,"1236",0.346754531983812
G1237,"1237",0.34929705821905
G1238,"1238",0.354025864093558
G1239,"1239",0.35781515145081
G124,"124",0.436762320463864
G1240,"1240",0.374299900310524
G1241,"1241",0.377413460515416
G1242,"1242",0.385232114850248
G1243,"1243",0.391861028170264
G1244,"1244",0.553019654070148
G1245,"1245",0.501234453057261
G1246,"1246",0.361640431772299
G1247,"1247",0.328557817250069
G1248,"1248",0.309911085984522
G1249,"1249",0.322281041847796
G125,"125",0.414049598126406
G1250,"1250",0.329020758965257
G1251,"1251",0.317077426767223
G1252,"1252",0.290391820187435
G1253,"1253",0.275644262891126
G1254,"1254",0.252062136358241
G1255,"1255",0.22700148695377
G1256,"1256",0.209896625367106
G1257,"1257",0.207059103081685
G1258,"1258",0.21308148836144
G1259,"1259",0.219313342311656
G126,"126",0.437091600442031
G1260,"1260",0.251111493867698
G1261,"1261",0.283057618408648
G1262,"1262",0.299645759803313
G1263,"1263",0.299381224863724
G1264,"1264",0.297497710894828
G1265,"1265",0.294647681335182
G1266,"1266",0.297441628125399
G1267,"1267",0.301345360307254
G1268,"1268",0.30342638988484
G1269,"1269",0.302990294317949
G127,"127",0.505674942901889
G1270,"1270",0.318388032202531
G1271,"1271",0.332451243188949
G1272,"1272",0.344029158081324
G1273,"1273",0.351934775688856
G1274,"1274",0.354075252068575
G1275,"1275",0.357030098984216
G1276,"1276",0.361767999568552
G1277,"1277",0.367214949408358
G1278,"1278",0.381453147957758
G1279,"1279",0.38973398665494
G128,"128",0.379547353638515
G1280,"1280",0.395237400319112
G1281,"1281",0.511716414202879
G1282,"1282",0.382405922827373
G1283,"1283",0.342660644831148
G1284,"1284",0.32025027433552
G1285,"1285",0.313304733641331
G1286,"1286",0.322057563034953
G1287,"1287",0.332502973780992
G1288,"1288",0.329196019472692
G1289,"1289",0.305496691410267
G129,"129",0.353107516562635
G1290,"1290",0.283160093413996
G1291,"1291",0.261850515099075
G1292,"1292",0.23818789022568
G1293,"1293",0.21027483253012
G1294,"1294",0.203736993677811
G1295,"1295",0.205782128875199
G1296,"1296",0.230635554997684
G1297,"1297",0.266507022174439
G1298,"1298",0.293007186403273
G1299,"1299",0.302812717355828
G13,"13",0.424202719291096
G130,"130",0.368229518651369
G1300,"1300",0.301298311474707
G1301,"1301",0.298593860448339
G1302,"1302",0.29764413981256
G1303,"1303",0.298827366391443
G1304,"1304",0.297329949870668
G1305,"1305",0.293245524494256
G1307,"1307",0.297932583614439
G1308,"1308",0.314704396361753
G1309,"1309",0.335779248100865
G131,"131",0.345313635848699
G1310,"1310",0.352703127198149
G1311,"1311",0.359479199310265
G1312,"1312",0.363878674526375
G1313,"1313",0.368798838919468
G1314,"1314",0.37455324538092
G1315,"1315",0.379577049175154
G1316,"1316",0.386790783272533
G1317,"1317",0.39403619653544
G1318,"1318",0.400127101656164
G1319,"1319",0.400523690583272
G132,"132",0.341563616165026
G1320,"1320",0.360118186049304
G1321,"1321",0.329551497905574
G1322,"1322",0.321169594539983
G1323,"1323",0.335597105969609
G1324,"1324",0.338174211291856
G1325,"1325",0.323548877193854
G1326,"1326",0.296909490389067
G1327,"1327",0.273536237901729
G1328,"1328",0.24941573524173
G1329,"1329",0.202971662100845
G133,"133",0.352089644733069
G1330,"1330",0.203464734817577
G1331,"1331",0.252474498877507
G1332,"1332",0.282767064295728
G1333,"1333",0.302541039139566
G1334,"1334",0.30534710296357
G1335,"1335",0.301525383354108
G1336,"1336",0.30128709653412
G1337,"1337",0.300663897310181
G1338,"1338",0.296604234355606
G1339,"1339",0.288523820342876
G134,"134",0.720417462941858
G1340,"1340",0.283272294828676
G1341,"1341",0.29226071941592
G1342,"1342",0.32108060446838
G1343,"1343",0.349419987422416
G1344,"1344",0.361437601472033
G1345,"1345",0.369753616780219
G1346,"1346",0.37581080337099
G1347,"1347",0.381436546929246
G1348,"1348",0.388355452335155
G1349,"1349",0.395458709083549
G135,"135",0.744832422647806
G1350,"1350",0.404436468644217
G1351,"1351",0.406784040007003
G1352,"1352",0.371475160659394
G1353,"1353",0.343305079445225
G1354,"1354",0.323173592578415
G1355,"1355",0.325825213133408
G1356,"1356",0.33655398808328
G1357,"1357",0.345560613961068
G1358,"1358",0.338796650210348
G1359,"1359",0.315783676682513
G136,"136",0.781947883713234
G1360,"1360",0.204253863125343
G1361,"1361",0.203198197859387
G1362,"1362",0.204839590319651
G1363,"1363",0.272384311683983
G1364,"1364",0.297409872831004
G1365,"1365",0.307778471144367
G1366,"1366",0.305535595191599
G1367,"1367",0.300701054571357
G1368,"1368",0.289348915323882
G1369,"1369",0.273784197482274
G137,"137",0.813429594713134
G1370,"1370",0.278018977040625
G1371,"1371",0.300697319424341
G1372,"1372",0.339720182790287
G1373,"1373",0.358839338765552
G1374,"1374",0.37277860649495
G1375,"1375",0.381674700946333
G1376,"1376",0.387277282371998
G1377,"1377",0.393320711896467
G1378,"1378",0.404717836083989
G1379,"1379",0.411727502799087
G138,"138",0.787471570690414
G1380,"1380",0.358084979305444
G1381,"1381",0.333495795249106
G1382,"1382",0.329687059884449
G1383,"1383",0.337767726371916
G1384,"1384",0.349820572948742
G1385,"1385",0.348819412894289
G1386,"1386",0.335612901791582
G1387,"1387",0.205490822090895
G1388,"1388",0.208883704442079
G1389,"1389",0.286587062071498
G139,"139",0.722097676390389
G1390,"1390",0.30471761660994
G1391,"1391",0.309130082038315
G1392,"1392",0.295400293938659
G1393,"1393",0.276426094692484
G1394,"1394",0.256641701282036
G1395,"1395",0.24363966789425
G1396,"1396",0.245309527521039
G1397,"1397",0.263705592047675
G1398,"1398",0.284424588258591
G1399,"1399",0.32480495999308
G14,"14",0.422705229816894
G140,"140",0.629521305714185
G1400,"1400",0.350364272547668
G1401,"1401",0.372067819236315
G1402,"1402",0.382792253247036
G1403,"1403",0.389731070335811
G1404,"1404",0.399173315214017
G1405,"1405",0.399930127681183
G1406,"1406",0.412745347119057
G1407,"1407",0.345892997711011
G1408,"1408",0.334223317151394
G1409,"1409",0.339253017425793
G141,"141",0.516074515922772
G1410,"1410",0.353670144007838
G1411,"1411",0.358518234952659
G1412,"1412",0.346976292794288
G1413,"1413",0.328147442911372
G1414,"1414",0.213739120211895
G1415,"1415",0.214386571398316
G1416,"1416",0.306735815583314
G1417,"1417",0.286272282868008
G1418,"1418",0.258797273657108
G1419,"1419",0.245818171330806
G142,"142",0.452055564498758
G1420,"1420",0.224144843207387
G1421,"1421",0.230873116194889
G1422,"1422",0.251831557567208
G1423,"1423",0.270775783821401
G1424,"1424",0.304140470820047
G1425,"1425",0.338748072049211
G1426,"1426",0.367091117581962
G1427,"1427",0.379848761102755
G1428,"1428",0.400254174873429
G1429,"1429",0.356574809498422
G143,"143",0.42405643547179
G1430,"1430",0.343721371960128
G1431,"1431",0.344064721554249
G1432,"1432",0.356460165431374
G1433,"1433",0.363644236414419
G1434,"1434",0.220908989937225
G1435,"1435",0.314309464865334
G1436,"1436",0.299842814052168
G1437,"1437",0.272658533577034
G1438,"1438",0.246632667202783
G1439,"1439",0.231977415718654
G144,"144",0.425483214327488
G1440,"1440",0.210420777265363
G1441,"1441",0.213577412340329
G1442,"1442",0.234918312490426
G1443,"1443",0.257270726935775
G1444,"1444",0.285397653808143
G1445,"1445",0.32325347019005
G1446,"1446",0.356568475475912
G1447,"1447",0.35383847637558
G1448,"1448",0.350369760483543
G1449,"1449",0.359351618283619
G145,"145",0.468068056298921
G1450,"1450",0.364270613876061
G1451,"1451",0.228787255288883
G1452,"1452",0.312223013358195
G1453,"1453",0.28977693272456
G1454,"1454",0.26005533433393
G1455,"1455",0.236995463102275
G1456,"1456",0.215544091443922
G1457,"1457",0.203652970179098
G1458,"1458",0.219251529875778
G1459,"1459",0.242190109266395
G146,"146",0.527563758855213
G1460,"1460",0.270706478272666
G1461,"1461",0.307000249739092
G1462,"1462",0.34427886010591
G1463,"1463",0.359196260782671
G1464,"1464",0.359125013058304
G1465,"1465",0.363896404537241
G1466,"1466",0.369112166713307
G1467,"1467",0.23507808070707
G1468,"1468",0.303689652912247
G1469,"1469",0.276813940119457
G147,"147",0.387690198275076
G1470,"1470",0.248714111091524
G1471,"1471",0.223725253987552
G1472,"1472",0.202122189557365
G1473,"1473",0.205410055349752
G1474,"1474",0.228534926281173
G1475,"1475",0.257266011676597
G1476,"1476",0.290397754851362
G1477,"1477",0.328545514295732
G1478,"1478",0.354293442433792
G1479,"1479",0.361966603797841
G148,"148",0.35735345206916
G1480,"1480",0.36574230696279
G1481,"1481",0.371939802194966
G1482,"1482",0.236074743663016
G1483,"1483",0.210461125387167
G1484,"1484",0.200094308251665
G1485,"1485",0.214127816252835
G1486,"1486",0.274875182672366
G1487,"1487",0.312072725672418
G1488,"1488",0.344566318329136
G1489,"1489",0.222699814560071
G149,"149",0.403588934147129
G1490,"1490",0.203999055559403
G1491,"1491",0.205170782806951
G1492,"1492",0.225962649407819
G1493,"1493",0.257743529860066
G1494,"1494",0.296190347479638
G1495,"1495",0.3306254825528
G1496,"1496",0.211033037732869
G1497,"1497",0.203924160317
G1498,"1498",0.215481829023735
G1499,"1499",0.244826679640181
G15,"15",0.415092260441689
G150,"150",0.361150555051665
G1500,"1500",0.280679721522363
G1501,"1501",0.317432520520137
G1502,"1502",0.209373720437882
G1503,"1503",0.208787528437906
G1504,"1504",0.230820538237888
G1505,"1505",0.265593060623564
G1506,"1506",0.303219422795376
G1507,"1507",0.210261519676865
G1508,"1508",0.219955057114484
G1509,"1509",0.251175052609243
G151,"151",0.339516603270255
G1510,"1510",0.289658206421816
G1511,"1511",0.313788231221711
G1512,"1512",0.215571982112357
G1513,"1513",0.214134962910328
G1514,"1514",0.23782122195544
G1515,"1515",0.275043276839902
G1516,"1516",0.302524694879398
G1517,"1517",0.218029392905757
G1518,"1518",0.226486078771783
G1519,"1519",0.261256520397647
G152,"152",0.345433600973089
G1520,"1520",0.297221031877354
G1521,"1521",0.219493197813951
G1522,"1522",0.249003374025134
G1523,"1523",0.28954269193538
G1524,"1524",0.225376645615955
G1525,"1525",0.239018794456261
G1526,"1526",0.275891721846529
G1527,"1527",0.234892065683105
G1528,"1528",0.265674706121132
G1529,"1529",0.299224597846348
G153,"153",0.356005453695047
G1530,"1530",0.2534986739998
G1531,"1531",0.294604377409167
G1532,"1532",0.367102107537331
G1533,"1533",0.504899442931536
G1534,"1534",0.620335750358514
G1535,"1535",0.566877020600085
G1536,"1536",0.54553615404073
G1537,"1537",0.402228179042506
G1538,"1538",0.514174903019979
G1539,"1539",0.441559937271208
G154,"154",0.736897245624463
G1540,"1540",0.406556269896029
G1541,"1541",0.44156070704608
G1542,"1542",0.347183707115429
G1543,"1543",0.436790203048377
G1544,"1544",0.667217328558498
G1545,"1545",0.252007914165575
G155,"155",0.782809233589196
G156,"156",0.820342919834949
G157,"157",0.855423057809162
G158,"158",0.834395619887524
G159,"159",0.786428863539708
G16,"16",0.422445606199847
G160,"160",0.693110856979183
G161,"161",0.60674741538313
G162,"162",0.475744049867508
G163,"163",0.437428409007951
G164,"164",0.435305637865742
G165,"165",0.464208652570089
G166,"166",0.50905486793661
G167,"167",0.585715358320428
G168,"168",0.692487497586074
G169,"169",0.656442385020381
G17,"17",0.417086326348882
G170,"170",0.394979039690086
G171,"171",0.366704448424628
G172,"172",0.333398579695224
G173,"173",0.329767835222866
G174,"174",0.350411554319213
G175,"175",0.401048884163058
G176,"176",0.411390207958158
G177,"177",0.350021754683269
G178,"178",0.341691586156082
G179,"179",0.350616855222928
G18,"18",0.412877838389049
G180,"180",0.35983128186867
G181,"181",0.365599399397453
G182,"182",0.366917325672763
G183,"183",0.729308559805019
G184,"184",0.777475177883633
G185,"185",0.823857307109714
G186,"186",0.854251501267987
G187,"187",0.864112874559306
G188,"188",0.844590765421661
G189,"189",0.760579376477111
G19,"19",0.411792205224788
G190,"190",0.660191963630383
G191,"191",0.435685021587565
G192,"192",0.450540105519229
G193,"193",0.488071432328732
G194,"194",0.566525395263131
G195,"195",0.631217167550049
G196,"196",0.711768340342938
G197,"197",0.675381983142948
G198,"198",0.639640954211149
G199,"199",0.400882353551519
G2,"2",0.435722316694686
G20,"20",0.417506464407811
G200,"200",0.379016237292903
G201,"201",0.344706390064991
G202,"202",0.319731478773161
G203,"203",0.343986823997416
G204,"204",0.410130163091293
G205,"205",0.422344412866878
G206,"206",0.355269497892048
G207,"207",0.362777888092797
G208,"208",0.365585204531455
G209,"209",0.363749605000933
G21,"21",0.412307215355173
G210,"210",0.761867930921018
G211,"211",0.809623879345601
G212,"212",0.858619296917865
G213,"213",0.880762165374059
G214,"214",0.881716432545054
G215,"215",0.827446073556525
G216,"216",0.717747132922228
G217,"217",0.44609539028665
G218,"218",0.47895438238116
G219,"219",0.53865491760641
G22,"22",0.408858932684453
G220,"220",0.612177520989926
G221,"221",0.693939056486681
G222,"222",0.741159688345065
G223,"223",0.710047699327243
G224,"224",0.664815671347523
G225,"225",0.623338922576574
G226,"226",0.392013251916454
G227,"227",0.357766621457274
G228,"228",0.323306756828246
G229,"229",0.334804254376511
G23,"23",0.40731172771041
G230,"230",0.359338610082881
G231,"231",0.408856757407381
G232,"232",0.425575923528763
G233,"233",0.431559644198481
G234,"234",0.42926036579616
G235,"235",0.359176401239563
G236,"236",0.363129981369565
G237,"237",0.36246718419858
G238,"238",0.66900252695787
G239,"239",0.857759912802266
G24,"24",0.411483468980279
G240,"240",0.886846587107681
G241,"241",0.898430677602444
G242,"242",0.88593007327594
G243,"243",0.784643713923694
G244,"244",0.569125152280015
G245,"245",0.458066103865833
G246,"246",0.519671792315655
G247,"247",0.596660640751815
G248,"248",0.669850535186918
G249,"249",0.745320899232146
G25,"25",0.406666031677514
G250,"250",0.770610098024836
G251,"251",0.741018133188002
G252,"252",0.696356113739249
G253,"253",0.654258229245525
G254,"254",0.597631764935641
G255,"255",0.402827479128161
G256,"256",0.370604321743269
G257,"257",0.32718824582027
G258,"258",0.355918024174736
G259,"259",0.380899193965975
G26,"26",0.40519280761582
G260,"260",0.407830264622224
G261,"261",0.428448640296257
G262,"262",0.440579721903802
G263,"263",0.436923858844444
G264,"264",0.42759069445511
G265,"265",0.361668026067798
G266,"266",0.360864724989
G267,"267",0.355911440301808
G268,"268",0.625096227351478
G269,"269",0.799019833300147
G27,"27",0.40691544336877
G270,"270",0.84577075738647
G271,"271",0.885789482941746
G272,"272",0.906018318165751
G273,"273",0.904527488979451
G274,"274",0.854180603721575
G275,"275",0.744767987311578
G276,"276",0.59439506010221
G277,"277",0.546882723764409
G278,"278",0.504759989573033
G279,"279",0.56046919016127
G28,"28",0.412415050946916
G280,"280",0.646070998116811
G281,"281",0.724919732147648
G282,"282",0.787391719154556
G283,"283",0.773718178393773
G284,"284",0.732787833216774
G285,"285",0.679360929570933
G286,"286",0.632356569564679
G287,"287",0.57605846755168
G288,"288",0.406772655832647
G289,"289",0.386654987143198
G29,"29",0.404824474904137
G290,"290",0.355851779063741
G291,"291",0.400481710493088
G292,"292",0.430315971500598
G293,"293",0.448392687080325
G294,"294",0.45241644841021
G295,"295",0.439765772939028
G296,"296",0.496480731071384
G297,"297",0.361481450569415
G298,"298",0.355361203799988
G299,"299",0.348048301599921
G3,"3",0.433751047962248
G30,"30",0.400834710616456
G300,"300",0.576354149198613
G301,"301",0.666140806612781
G302,"302",0.764902346086946
G303,"303",0.821419460497435
G304,"304",0.857798765516728
G305,"305",0.907459583657632
G306,"306",0.909403939884556
G307,"307",0.885748348500135
G308,"308",0.788921891980749
G309,"309",0.560962285215277
G31,"31",0.401484921996676
G310,"310",0.543370080554214
G311,"311",0.614529720910936
G312,"312",0.709197341343238
G313,"313",0.780662830699901
G314,"314",0.802355633399854
G315,"315",0.77154745990057
G316,"316",0.704576973425327
G317,"317",0.659440308607762
G318,"318",0.599898224429484
G319,"319",0.396680824121391
G32,"32",0.405431366296732
G320,"320",0.380151741361294
G321,"321",0.430236713756978
G322,"322",0.455403567914979
G323,"323",0.464685799524181
G324,"324",0.458825682681011
G325,"325",0.436415492061821
G326,"326",0.486475475922671
G327,"327",0.358038434181362
G328,"328",0.348480190274614
G329,"329",0.538162534351124
G33,"33",0.417061987310881
G330,"330",0.62298365960852
G331,"331",0.738595651382438
G332,"332",0.794462532462725
G333,"333",0.904871521278587
G334,"334",0.912648875638983
G335,"335",0.891069832099042
G336,"336",0.834330189735401
G337,"337",0.579658143019235
G338,"338",0.53015051304598
G339,"339",0.576913113650719
G34,"34",0.423987110402686
G340,"340",0.681623183479001
G341,"341",0.769517905855894
G342,"342",0.825746576320682
G343,"343",0.811798287987396
G344,"344",0.753691849400149
G345,"345",0.698939808445935
G346,"346",0.569708974921244
G347,"347",0.405045020168196
G348,"348",0.375825747277531
G349,"349",0.331192524418615
G35,"35",0.404629010796934
G350,"350",0.385687591827697
G351,"351",0.432273723318923
G352,"352",0.459993767718503
G353,"353",0.475094177643985
G354,"354",0.475693093211968
G355,"355",0.458063057463179
G356,"356",0.429798091341691
G357,"357",0.542424279406252
G358,"358",0.509573843311816
G359,"359",0.477757942002166
G36,"36",0.397841895031815
G360,"360",0.360618428546902
G361,"361",0.351246787760481
G362,"362",0.341077757005155
G363,"363",0.337316455691416
G365,"365",0.431882587803319
G366,"366",0.507440955598965
G367,"367",0.575718088326079
G368,"368",0.643866593022249
G369,"369",0.822336741742111
G37,"37",0.395474140321208
G370,"370",0.87733531182066
G371,"371",0.912788490110806
G372,"372",0.894535273286343
G373,"373",0.851572581901445
G374,"374",0.544262576439544
G375,"375",0.644201687409508
G376,"376",0.744990834620359
G377,"377",0.829586875908082
G378,"378",0.851054843119666
G379,"379",0.79285697358389
G38,"38",0.397941541342599
G380,"380",0.716353157798724
G381,"381",0.669354670001294
G382,"382",0.596652111902837
G383,"383",0.38467516585967
G384,"384",0.343764287608008
G385,"385",0.308545714524238
G386,"386",0.359563232328286
G387,"387",0.462427895135534
G388,"388",0.487780575470571
G389,"389",0.487276153509813
G39,"39",0.403634694237637
G390,"390",0.475167204134685
G391,"391",0.450407590998751
G392,"392",0.422560893058655
G393,"393",0.538059316006797
G394,"394",0.547830984481471
G395,"395",0.536741450746141
G396,"396",0.501991218584998
G397,"397",0.475477124373302
G398,"398",0.343745790920607
G399,"399",0.33666990149156
G4,"4",0.435932143410105
G40,"40",0.411786661949742
G400,"400",0.33663628631079
G401,"401",0.408795181481682
G402,"402",0.459640155823614
G403,"403",0.531548148410843
G404,"404",0.621315208704387
G405,"405",0.789530202110632
G406,"406",0.846462136934417
G407,"407",0.8959434823549
G408,"408",0.897415467961456
G409,"409",0.854507073284521
G41,"41",0.419727489966254
G410,"410",0.504225167279772
G411,"411",0.703193868878858
G412,"412",0.804355146851287
G413,"413",0.876603944978833
G414,"414",0.835861590256525
G415,"415",0.767624938353802
G416,"416",0.692962209385516
G417,"417",0.560756897218579
G418,"418",0.357756179416799
G419,"419",0.315836227497688
G42,"42",0.425241020957552
G420,"420",0.322122801897607
G421,"421",0.381347138636203
G422,"422",0.463602224792108
G423,"423",0.495542567584378
G424,"424",0.510678868621971
G425,"425",0.476099330582526
G426,"426",0.437823024614337
G427,"427",0.547040486444526
G428,"428",0.529066851009434
G429,"429",0.485118936710954
G43,"43",0.396245488032827
G430,"430",0.336889203282356
G431,"431",0.333947018589439
G432,"432",0.432497219436699
G433,"433",0.493391767457266
G434,"434",0.572624472282904
G435,"435",0.665524668264448
G436,"436",0.752881423680435
G437,"437",0.813156200031952
G438,"438",0.8605078683252
G439,"439",0.890273297738313
G44,"44",0.389868505752072
G440,"440",0.855456063224729
G441,"441",0.796905460277812
G442,"442",0.515645634526595
G443,"443",0.444447298904676
G444,"444",0.753316563500618
G445,"445",0.860763125150957
G446,"446",0.885502798456185
G447,"447",0.735522575177147
G448,"448",0.589397843345965
G449,"449",0.536492342505357
G45,"45",0.38985355672574
G450,"450",0.328103444525602
G451,"451",0.30330477773778
G452,"452",0.349760303174495
G453,"453",0.399142777068676
G454,"454",0.461071536598757
G455,"455",0.499019289792778
G456,"456",0.468296517269667
G457,"457",0.424433943877423
G458,"458",0.561054246609755
G459,"459",0.553484261435694
G46,"46",0.395349813343836
G460,"460",0.394446590395865
G462,"462",0.340327062574219
G463,"463",0.333450739941185
G464,"464",0.331113998316487
G465,"465",0.371855831570159
G466,"466",0.406526636920609
G467,"467",0.462378894308532
G468,"468",0.526562992180878
G469,"469",0.619946591955056
G47,"47",0.40157002446717
G470,"470",0.710533137173461
G471,"471",0.777927128090387
G472,"472",0.823132192818885
G473,"473",0.859003865828432
G474,"474",0.851256519559991
G475,"475",0.795993255921992
G476,"476",0.470118745543134
G477,"477",0.436279829258155
G478,"478",0.446155351902331
G479,"479",0.928144971396331
G48,"48",0.412863302869937
G480,"480",0.752235971161516
G481,"481",0.554261118347856
G482,"482",0.307834621602817
G483,"483",0.321669352556265
G484,"484",0.383278126346759
G485,"485",0.462873822675045
G486,"486",0.497651742945003
G487,"487",0.525646104353132
G488,"488",0.547383217421409
G489,"489",0.43749842266818
G49,"49",0.421385777128473
G490,"490",0.414889706372427
G491,"491",0.556733156780901
G492,"492",0.574472321334412
G494,"494",0.392971229097225
G495,"495",0.336412308694289
G496,"496",0.329331100889436
G497,"497",0.359983546818675
G498,"498",0.385042832893583
G499,"499",0.434782607081083
G5,"5",0.433768071581453
G50,"50",0.426210667304357
G500,"500",0.493251973640039
G501,"501",0.570540984314752
G502,"502",0.667113032672583
G503,"503",0.744934909371673
G504,"504",0.790239802323397
G505,"505",0.823281454666241
G506,"506",0.832042131063356
G507,"507",0.792214789200064
G508,"508",0.725039359967872
G509,"509",0.480860237933476
G51,"51",0.395773607713149
G510,"510",0.436399400835092
G511,"511",0.435807963783986
G512,"512",0.570876916839391
G513,"513",0.307430685901206
G514,"514",0.352119218866975
G515,"515",0.420809492662657
G516,"516",0.489870890350838
G517,"517",0.530958970729256
G518,"518",0.57324165183671
G519,"519",0.42516343102462
G52,"52",0.386220752908972
G520,"520",0.398587970149466
G521,"521",0.56778814636168
G522,"522",0.594701329148881
G523,"523",0.403459179772754
G524,"524",0.331613426944428
G525,"525",0.327682730286358
G526,"526",0.352877781223805
G527,"527",0.371982222274354
G528,"528",0.409443413159802
G529,"529",0.469503529718847
G53,"53",0.382292476164411
G530,"530",0.531334895494945
G531,"531",0.619198227070656
G532,"532",0.708227141763741
G533,"533",0.759566478259352
G534,"534",0.787043606975767
G535,"535",0.801221187389804
G536,"536",0.783779759658525
G537,"537",0.726655331040377
G538,"538",0.439113438751857
G539,"539",0.417365481544646
G54,"54",0.385965953768959
G540,"540",0.916494251650315
G541,"541",0.542185574030206
G542,"542",0.310959566138416
G543,"543",0.332198864675977
G544,"544",0.38957198647267
G545,"545",0.472895398748885
G546,"546",0.529978948417645
G547,"547",0.591829242831411
G548,"548",0.409945192697334
G549,"549",0.389851501441364
G55,"55",0.393874310620739
G550,"550",0.561397748993872
G551,"551",0.580593827203178
G552,"552",0.414190452126127
G553,"553",0.327316389837261
G554,"554",0.333815802491325
G555,"555",0.35875468768459
G556,"556",0.394589848460785
G557,"557",0.445803731138007
G558,"558",0.506751497651889
G559,"559",0.577656765925936
G56,"56",0.403768164316488
G560,"560",0.663235038459159
G561,"561",0.732134648455522
G562,"562",0.755071449047983
G563,"563",0.769613375572235
G564,"564",0.764469521014848
G565,"565",0.719715707512263
G566,"566",0.659138488833419
G567,"567",0.448567355467927
G568,"568",0.406897543861823
G569,"569",0.881045555095052
G57,"57",0.386568597852565
G570,"570",0.320493237477011
G571,"571",0.35973838973333
G572,"572",0.44153307963043
G573,"573",0.52362892979303
G574,"574",0.617292566115323
G575,"575",0.566426446073915
G576,"576",0.592855002198685
G577,"577",0.49108924777059
G578,"578",0.469008319059636
G579,"579",0.328711718440094
G58,"58",0.376575747582718
G580,"580",0.380068807489736
G581,"581",0.420016161787015
G582,"582",0.486644911595417
G583,"583",0.544623894455348
G584,"584",0.618074506793628
G585,"585",0.698897918237951
G586,"586",0.728095795602796
G587,"587",0.747680670904044
G588,"588",0.737352140662229
G589,"589",0.705153589205769
G59,"59",0.377831342403715
G590,"590",0.653707814573513
G591,"591",0.444239916435595
G592,"592",0.402578387659819
G593,"593",0.389918544540215
G594,"594",0.417957610696764
G595,"595",0.868637995306585
G596,"596",0.516371089823094
G597,"597",0.340441095567362
G598,"598",0.401140781155937
G599,"599",0.507352284749203
G6,"6",0.433972402286801
G60,"60",0.38280392738706
G600,"600",0.632235652401435
G601,"601",0.573322441460289
G602,"602",0.481999924624317
G603,"603",0.458808411313084
G604,"604",0.433385969998691
G605,"605",0.337251076627161
G606,"606",0.366661878193896
G607,"607",0.401455519227071
G608,"608",0.469911673755056
G609,"609",0.523776428728451
G61,"61",0.393076451264235
G610,"610",0.581840453115106
G611,"611",0.649902434879062
G612,"612",0.705721136695961
G613,"613",0.722205079598777
G614,"614",0.736490993980811
G615,"615",0.700765451855634
G616,"616",0.659942636254505
G617,"617",0.43458495492887
G618,"618",0.403703614245511
G619,"619",0.374373175687482
G62,"62",0.403590562275924
G620,"620",0.386257488264679
G621,"621",0.419859035152093
G622,"622",0.806170143506244
G623,"623",0.577828935934632
G624,"624",0.521528059989725
G625,"625",0.484768813971689
G626,"626",0.380097456439995
G627,"627",0.471667829302285
G628,"628",0.572172867196541
G629,"629",0.631884878562819
G63,"63",0.389590980887525
G630,"630",0.681557820743052
G631,"631",0.695346019064681
G632,"632",0.560431782028773
G633,"633",0.572620448714142
G634,"634",0.558613328885994
G635,"635",0.522069046144962
G636,"636",0.492314544302888
G637,"637",0.470144267394935
G638,"638",0.455238697405524
G639,"639",0.33160267509797
G64,"64",0.374929522258801
G640,"640",0.352232595584265
G641,"641",0.38918031919647
G642,"642",0.449774187697425
G643,"643",0.507798400097237
G644,"644",0.55278863978305
G645,"645",0.607509585817594
G646,"646",0.670515810727179
G647,"647",0.700935123785662
G648,"648",0.668888271555205
G649,"649",0.424346612285067
G65,"65",0.373156531345161
G650,"650",0.402091487523334
G651,"651",0.367670244671707
G652,"652",0.360639135320909
G653,"653",0.396412674351359
G654,"654",0.619081030624369
G655,"655",0.755429591862801
G656,"656",0.751270185503907
G657,"657",0.608070665157226
G658,"658",0.552028027721328
G659,"659",0.487621255040492
G66,"66",0.381060758685948
G660,"660",0.433504626421567
G661,"661",0.550588853109238
G662,"662",0.641619553101611
G663,"663",0.672154705800942
G664,"664",0.709938835993669
G665,"665",0.561031520719809
G666,"666",0.566735908593299
G667,"667",0.536132868615709
G668,"668",0.499822534328795
G669,"669",0.480490576352766
G67,"67",0.393569231363019
G670,"670",0.464019399824831
G671,"671",0.340415324075209
G672,"672",0.330177205235236
G673,"673",0.34161306530319
G674,"674",0.370672649857326
G675,"675",0.485484789723139
G676,"676",0.53447431103272
G677,"677",0.575937856194238
G678,"678",0.622297431784357
G679,"679",0.424371729984117
G68,"68",0.402846007753963
G680,"680",0.39843482728206
G681,"681",0.365063515858677
G682,"682",0.342025425866653
G683,"683",0.359368552780469
G684,"684",0.401529054115395
G685,"685",0.63500826361816
G686,"686",0.698319827617759
G687,"687",0.731333145870634
G688,"688",0.682678025581596
G689,"689",0.61201509002709
G69,"69",0.411513136112742
G690,"690",0.572981307456576
G691,"691",0.500523529241142
G692,"692",0.448657034189633
G693,"693",0.415356405522192
G694,"694",0.500853948130632
G695,"695",0.623233035976049
G696,"696",0.6934678384659
G698,"698",0.556786968185319
G699,"699",0.551643498065546
G7,"7",0.430969938625873
G70,"70",0.415241162284112
G700,"700",0.514359951527877
G701,"701",0.487846583672517
G702,"702",0.464901293046314
G703,"703",0.464866676150942
G704,"704",0.334876114192725
G705,"705",0.332740425128152
G706,"706",0.353446380367227
G707,"707",0.454937706815588
G708,"708",0.516756212956571
G709,"709",0.549079955427659
G71,"71",0.525680099963472
G710,"710",0.589011606328026
G711,"711",0.555313195151479
G712,"712",0.448972673275749
G713,"713",0.420513154102464
G714,"714",0.385930748371503
G715,"715",0.359831273204383
G716,"716",0.332890115582567
G717,"717",0.331144671754943
G718,"718",0.369029517946585
G719,"719",0.590313229405994
G72,"72",0.467208516345333
G720,"720",0.651654339291311
G721,"721",0.689811962755576
G722,"722",0.68820861779575
G723,"723",0.596787712636302
G724,"724",0.518822898078825
G725,"725",0.452292328829513
G726,"726",0.407072557587117
G728,"728",0.682896517775448
G729,"729",0.790896149791692
G73,"73",0.378030235172704
G730,"730",0.546424488381075
G731,"731",0.547414943139131
G732,"732",0.461086040421982
G733,"733",0.471132697478546
G734,"734",0.340898217371362
G735,"735",0.33096248894384
G736,"736",0.436619942889541
G737,"737",0.485193831820803
G738,"738",0.527134112642641
G739,"739",0.55884926634737
G74,"74",0.364984024126549
G740,"740",0.55376690517538
G741,"741",0.535888343062902
G742,"742",0.470906684557377
G743,"743",0.424505059533552
G744,"744",0.369009454777763
G745,"745",0.350539491721656
G746,"746",0.330268349634234
G747,"747",0.313373945025406
G748,"748",0.332975665345483
G749,"749",0.537179271522921
G75,"75",0.373107805244158
G750,"750",0.599448587575982
G751,"751",0.640152819386919
G752,"752",0.650218926520308
G753,"753",0.470287719821703
G754,"754",0.410407556005515
G755,"755",0.397036821229396
G756,"756",0.765378898373726
G757,"757",0.870109708642565
G758,"758",0.641269586442034
G759,"759",0.496280280712904
G76,"76",0.382763573347914
G760,"760",0.507863363738731
G761,"761",0.459852928763197
G762,"762",0.451549265690449
G763,"763",0.412193705602309
G764,"764",0.452351988115656
G765,"765",0.501261502240255
G766,"766",0.534846252844286
G767,"767",0.56325411049334
G768,"768",0.543826614119646
G769,"769",0.53918365948777
G77,"77",0.393663816278221
G770,"770",0.489526946458955
G771,"771",0.430402566503845
G772,"772",0.360550055153094
G773,"773",0.339288461662846
G774,"774",0.324181913231273
G775,"775",0.306928985265277
G776,"776",0.305247542717089
G777,"777",0.337722894706063
G778,"778",0.548595852057529
G779,"779",0.599912622433263
G78,"78",0.404421207252518
G780,"780",0.639070389781117
G781,"781",0.653055543508485
G782,"782",0.485826288137528
G783,"783",0.431313044823364
G784,"784",0.39484922675746
G785,"785",0.390464891196901
G786,"786",0.848478106054318
G787,"787",0.87024260157614
G788,"788",0.742884372058003
G789,"789",0.552689459424182
G79,"79",0.412022671137709
G790,"790",0.445516130634185
G791,"791",0.344311288682866
G792,"792",0.477156018322181
G793,"793",0.425092840772741
G794,"794",0.406206976942146
G795,"795",0.425589687613661
G796,"796",0.470606796886473
G797,"797",0.504346800415255
G798,"798",0.540745353209097
G799,"799",0.532304420421166
G8,"8",0.434198544211037
G80,"80",0.413755547195813
G800,"800",0.536578276196034
G801,"801",0.527510843334447
G802,"802",0.489330595070043
G803,"803",0.438069574898256
G804,"804",0.372324497528389
G805,"805",0.327926529121359
G806,"806",0.319521318125574
G807,"807",0.306024458526997
G808,"808",0.291583694079461
G809,"809",0.310448143040909
G81,"81",0.699509640519452
G810,"810",0.499148382438951
G811,"811",0.555698554710214
G812,"812",0.599404804742221
G813,"813",0.498546948347784
G814,"814",0.445921571443143
G815,"815",0.401384027560421
G816,"816",0.390137483939792
G817,"817",0.887182134725175
G818,"818",0.796144890724114
G819,"819",0.626640865025709
G82,"82",0.637070289214211
G820,"820",0.486745273072122
G821,"821",0.402636671832919
G822,"822",0.351924948344397
G823,"823",0.330609246870081
G824,"824",0.431035265854258
G825,"825",0.428960810208053
G826,"826",0.438993880984881
G828,"828",0.42557747509139
G829,"829",0.40476033462232
G83,"83",0.565290022472415
G830,"830",0.403856319809011
G831,"831",0.441049389842664
G832,"832",0.479647838502518
G833,"833",0.531019091901061
G834,"834",0.527867197926213
G835,"835",0.514696292003747
G836,"836",0.484971294423006
G837,"837",0.441989762693703
G838,"838",0.386431419054023
G839,"839",0.33115227785231
G84,"84",0.496480369993269
G840,"840",0.317776198111744
G841,"841",0.309435175402196
G842,"842",0.292846987121655
G843,"843",0.286614313928562
G844,"844",0.31552509664549
G845,"845",0.457573894577183
G846,"846",0.509312184263183
G847,"847",0.566190439742822
G848,"848",0.513410872268488
G849,"849",0.46128546118073
G85,"85",0.435887269523185
G850,"850",0.414964977220692
G851,"851",0.390013834861984
G852,"852",0.390013016012026
G853,"853",0.848282993710037
G854,"854",0.539266238335823
G855,"855",0.43396680043777
G856,"856",0.365275955301581
G857,"857",0.335761603032482
G858,"858",0.319800700040244
G859,"859",0.337826313875441
G86,"86",0.380019056959091
G860,"860",0.371800334491389
G861,"861",0.41890249491842
G862,"862",0.409058651390405
G863,"863",0.438137330731204
G864,"864",0.41392260057522
G865,"865",0.40374089050808
G866,"866",0.378190192604238
G867,"867",0.4142128299922
G868,"868",0.451498608815548
G869,"869",0.478283352697257
G87,"87",0.364712640782294
G870,"870",0.514444769999542
G871,"871",0.501287600643257
G872,"872",0.482277227012478
G873,"873",0.441768058490557
G874,"874",0.394715247873331
G875,"875",0.350329624697501
G876,"876",0.282506485613092
G877,"877",0.301117074374571
G878,"878",0.418578755335057
G879,"879",0.471159531787008
G88,"88",0.384649128089599
G880,"880",0.518160543355208
G881,"881",0.511045395493573
G882,"882",0.474038870763585
G883,"883",0.429777044787514
G884,"884",0.396546682498808
G885,"885",0.388563062212442
G886,"886",0.603039672125604
G887,"887",0.488260669957185
G888,"888",0.387723212489452
G889,"889",0.346895969543368
G89,"89",0.394049918080928
G890,"890",0.321439285303861
G891,"891",0.320419340723773
G892,"892",0.352916678110293
G893,"893",0.379618398851003
G894,"894",0.402986878057051
G895,"895",0.393944597918907
G896,"896",0.393721403487183
G897,"897",0.322840320080247
G898,"898",0.337168448075467
G899,"899",0.395354006644457
G9,"9",0.430852642689457
G90,"90",0.404383524998171
G900,"900",0.384687469031732
G901,"901",0.336609369927696
G902,"902",0.358734179357159
G903,"903",0.390412078266525
G904,"904",0.426053985717186
G905,"905",0.455403653767538
G906,"906",0.466805955097556
G907,"907",0.511482176773799
G908,"908",0.497990351243982
G909,"909",0.479823113551135
G91,"91",0.412374470455126
G910,"910",0.43311413753335
G911,"911",0.399096132906483
G912,"912",0.369992372058174
G913,"913",0.288276047853569
G914,"914",0.323848818772918
G915,"915",0.381662219962685
G916,"916",0.433783387386809
G917,"917",0.481087525215356
G918,"918",0.481806827088575
G919,"919",0.440812786683418
G92,"92",0.714679316108713
G920,"920",0.405673184581816
G921,"921",0.38955673410031
G922,"922",0.643285386258151
G923,"923",0.520381751953151
G924,"924",0.31353222258419
G925,"925",0.332021869208076
G926,"926",0.36204985436888
G927,"927",0.380057525928231
G928,"928",0.384966385779823
G929,"929",0.383630850079214
G93,"93",0.686247086841232
G930,"930",0.366461747460131
G931,"931",0.314746997936502
G932,"932",0.335013855945144
G933,"933",0.351739768600479
G934,"934",0.3769198352435
G935,"935",0.376875154421162
G936,"936",0.330322579916812
G937,"937",0.343055280442865
G938,"938",0.368747768781096
G939,"939",0.40052506078222
G94,"94",0.612671804889272
G940,"940",0.430660689086753
G941,"941",0.452550550328117
G942,"942",0.402408090914557
G943,"943",0.380838657872203
G944,"944",0.292673645694066
G945,"945",0.307083657322465
G946,"946",0.349563004770375
G947,"947",0.400208291448111
G948,"948",0.445693797379174
G949,"949",0.485647233564396
G95,"95",0.539906785708742
G950,"950",0.480925812917474
G951,"951",0.450067740002404
G952,"952",0.416986234279548
G953,"953",0.394649036141051
G954,"954",0.388976050794608
G955,"955",0.654216710348236
G956,"956",0.564265476387853
G957,"957",0.424944021365205
G958,"958",0.366152163244919
G959,"959",0.370288880499642
G96,"96",0.468639818300562
G960,"960",0.37221047889949
G961,"961",0.354350596008955
G962,"962",0.336146095587497
G963,"963",0.303846651883091
G964,"964",0.291744138546752
G965,"965",0.317781781213213
G966,"966",0.337329154636477
G967,"967",0.353332824951552
G968,"968",0.364147436583964
G969,"969",0.360735045156799
G97,"97",0.41553272797222
G970,"970",0.327511909381228
G971,"971",0.325142626122472
G972,"972",0.333232459543354
G973,"973",0.3513267217257
G974,"974",0.377871587836799
G975,"975",0.407477406778523
G976,"976",0.429768180021279
G977,"977",0.445414489886321
G978,"978",0.400168152822447
G979,"979",0.375357120146231
G98,"98",0.40405105263889
G980,"980",0.302720216320291
G981,"981",0.329047939266238
G982,"982",0.371705426154017
G983,"983",0.415015659686101
G984,"984",0.45421304805087
G985,"985",0.456499830816595
G986,"986",0.427462954460014
G987,"987",0.401640322248978
G988,"988",0.608726354119951
G989,"989",0.483749800599259
G99,"99",0.386401127705139
G990,"990",0.389222002117895
G991,"991",0.338094343137748
G992,"992",0.361015176099903
G993,"993",0.359650236415755
G994,"994",0.334238669818707
G995,"995",0.327612773199592
G996,"996",0.299128817029854
G997,"997",0.279734512145024
G998,"998",0.283137170572734
G999,"999",0.308085481842096
